John Hillnob,male,52,john.hillnob@ninjamail.org,Oxford
Linda Mellonson,male,95,linda.mellonson@ninyahoo.co,Leicester
Mary Nipson,male,54,mary.nipson@ninyahoo.co,Oxford
Jason Castlenob,female,101,jason.castlenob@ninjamail.org,Cambridge
Diana Castlebutter,male,67,diana.castlebutter@ninjamail.org,Cambridge
Mary Gradnip,male,76,mary.gradnip@hotsumo.com,Oxford
John Nipwhale,male,88,john.nipwhale@ninyahoo.co,Newcastle
John Hillwhale,male,46,john.hillwhale@hotsumo.com,Newcastle
Tim Nobwhale,female,71,tim.nobwhale@hotsumo.com,Leicester
Tim Whalenob,female,22,tim.whalenob@dojobox.net,Newcastle
Anna Castlemellon,female,57,anna.castlemellon@ninjamail.org,London
Diana Castlecastle,female,96,diana.castlecastle@ninjamail.org,Newcastle
Diana Nobsmith,female,57,diana.nobsmith@ninyahoo.co,Leicester
Carol Whalenob,female,30,carol.whalenob@ninyahoo.co,London
Anna Gradhill,female,25,anna.gradhill@hotsumo.com,London
John Castlebutter,female,64,john.castlebutter@ninyahoo.co,London
Mary Nobmellon,female,68,mary.nobmellon@ninjamail.org,London
Carol Smithgrad,female,36,carol.smithgrad@dojobox.net,Newcastle
David Hillcastle,male,24,david.hillcastle@ninyahoo.co,London
Maggie Smithgrad,male,50,maggie.smithgrad@dojobox.net,Newcastle
Anna Nipsmith,female,65,anna.nipsmith@ninyahoo.co,London
Diana Underbutter,male,91,diana.underbutter@ninyahoo.co,Leicester
Maggie Butterson,male,50,maggie.butterson@ninjamail.org,Leicester
Mary Scotchnob,female,96,mary.scotchnob@dojobox.net,Leicester
Tim Butternip,female,79,tim.butternip@ninyahoo.co,Oxford
John Whalescotch,female,69,john.whalescotch@hotsumo.com,Oxford
Diana Melloncastle,female,71,diana.melloncastle@ninyahoo.co,Newcastle
Diana Scotchcastle,female,63,diana.scotchcastle@ninyahoo.co,Oxford
Carol Smithsmith,male,66,carol.smithsmith@ninjamail.org,Newcastle
Mary Castlenob,female,27,mary.castlenob@ninjamail.org,Newcastle
